Province_State,Date,Deaths
Alabama,2020-09-01,2194.1108991443352
Alaska,2020-09-01,37.81952621282084
Arizona,2020-09-01,5050.169255002745
Arkansas,2020-09-01,811.0079978697421
California,2020-09-01,13121.01951442964
Colorado,2020-09-01,1953.577129599713
Connecticut,2020-09-01,4462.565737594877
Delaware,2020-09-01,608.1086512039479
Florida,2020-09-01,11310.90161670113
Georgia,2020-09-01,5725.240120367393
Hawaii,2020-09-01,73.20723306236515
Idaho,2020-09-01,367.0817953277918
Illinois,2020-09-01,8252.600538104209
Indiana,2020-09-01,3310.5268317445007
Iowa,2020-09-01,1126.3251134428117
Kansas,2020-09-01,451.53952385129924
Kentucky,2020-09-01,940.0947255442056
Louisiana,2020-09-01,4985.202632822678
Maine,2020-09-01,132.1145176638981
Maryland,2020-09-01,3764.026384979138
Massachusetts,2020-09-01,9084.936146931179
Michigan,2020-09-01,6758.672896414523
Minnesota,2020-09-01,1888.8362104634036
Mississippi,2020-09-01,2522.9150853289425
Missouri,2020-09-01,1556.2941772781219
Montana,2020-09-01,104.54197049683631
Nebraska,2020-09-01,398.11738986514627
Nevada,2020-09-01,1328.529104300533
New Hampshire,2020-09-01,431.07743609814185
New Jersey,2020-09-01,15946.672229124384
New Mexico,2020-09-01,782.785475263643
New York,2020-09-01,32984.009860168124
North Carolina,2020-09-01,2729.4593757736475
North Dakota,2020-09-01,144.71348891858173
Ohio,2020-09-01,4150.447867809514
Oklahoma,2020-09-01,814.6793304997127
Oregon,2020-09-01,468.49288361737223
Pennsylvania,2020-09-01,7697.833476893935
Rhode Island,2020-09-01,1049.7500577560245
South Carolina,2020-09-01,2759.691678247175
South Dakota,2020-09-01,167.02438179640495
Tennessee,2020-09-01,1789.620741704891
Texas,2020-09-01,12885.765234868057
Utah,2020-09-01,412.01395662989813
Vermont,2020-09-01,58.12866775192193
Virginia,2020-09-01,2598.6546261783546
Washington,2020-09-01,1924.0083458078054
West Virginia,2020-09-01,218.36236223839103
Wisconsin,2020-09-01,1134.8361541653092
Wyoming,2020-09-01,36.615959358517955
Alabama,2020-09-02,2191.6513013191566
Alaska,2020-09-02,38.30159215203118
Arizona,2020-09-02,5142.244708613226
Arkansas,2020-09-02,825.6021048643975
California,2020-09-02,13238.57929489848
Colorado,2020-09-02,1958.433655563173
Connecticut,2020-09-02,4464.113766072819
Delaware,2020-09-02,610.209899772255
Florida,2020-09-02,11398.253662981027
Georgia,2020-09-02,5799.371205589635
Hawaii,2020-09-02,75.94834443042097
Idaho,2020-09-02,377.54624021778744
Illinois,2020-09-02,8279.77372544153
Indiana,2020-09-02,3315.5649507578355
Iowa,2020-09-02,1143.4462711260403
Kansas,2020-09-02,456.87512545304855
Kentucky,2020-09-02,951.1193742897622
Louisiana,2020-09-02,5015.046076824294
Maine,2020-09-02,132.4719292751641
Maryland,2020-09-02,3771.9981234623874
Massachusetts,2020-09-02,9098.613873795064
Michigan,2020-09-02,6770.773272629613
Minnesota,2020-09-02,1890.6617660056163
Mississippi,2020-09-02,2565.5428343686845
Missouri,2020-09-02,1558.775670437366
Montana,2020-09-02,106.51222645395069
Nebraska,2020-09-02,400.9835611545729
Nevada,2020-09-02,1346.6971277317928
New Hampshire,2020-09-02,431.54921466654275
New Jersey,2020-09-02,15947.085099635313
New Mexico,2020-09-02,785.8931086531195
New York,2020-09-02,33001.05351055966
North Carolina,2020-09-02,2748.8728483731647
North Dakota,2020-09-02,145.60975562789915
Ohio,2020-09-02,4184.005991219311
Oklahoma,2020-09-02,834.6437913037763
Oregon,2020-09-02,477.74067279402084
Pennsylvania,2020-09-02,7712.854913511126
Rhode Island,2020-09-02,1051.2186466442593
South Carolina,2020-09-02,2798.176859777128
South Dakota,2020-09-02,168.2393678571944
Tennessee,2020-09-02,1827.034981682904
Texas,2020-09-02,13113.522638758026
Utah,2020-09-02,416.7276813016329
Vermont,2020-09-02,58.01610648287233
Virginia,2020-09-02,2622.074511531231
Washington,2020-09-02,1926.3507653909187
West Virginia,2020-09-02,224.02550981929897
Wisconsin,2020-09-02,1141.6527030985956
Wyoming,2020-09-02,37.608816715216875
Alabama,2020-09-03,2213.4418282650713
Alaska,2020-09-03,38.90003867039091
Arizona,2020-09-03,5167.790211061164
Arkansas,2020-09-03,835.6434749123391
California,2020-09-03,13320.620785316525
Colorado,2020-09-03,1961.9305153871599
Connecticut,2020-09-03,4465.044050626758
Delaware,2020-09-03,611.0504188865573
Florida,2020-09-03,11461.633815747531
Georgia,2020-09-03,5851.066473961446
Hawaii,2020-09-03,80.87544600964074
Idaho,2020-09-03,383.93238843303595
Illinois,2020-09-03,8302.505096106383
Indiana,2020-09-03,3317.9736691343696
Iowa,2020-09-03,1161.363391822505
Kansas,2020-09-03,463.7437136757141
Kentucky,2020-09-03,957.547562352727
Louisiana,2020-09-03,5047.620741348391
Maine,2020-09-03,133.43068763572546
Maryland,2020-09-03,3779.092450084627
Massachusetts,2020-09-03,9126.808026595894
Michigan,2020-09-03,6785.679699439533
Minnesota,2020-09-03,1892.2799719149207
Mississippi,2020-09-03,2579.909512438278
Missouri,2020-09-03,1572.3742850530084
Montana,2020-09-03,107.28132814204116
Nebraska,2020-09-03,406.00249689788933
Nevada,2020-09-03,1360.4004145821505
New Hampshire,2020-09-03,431.68882967048455
New Jersey,2020-09-03,15947.721773147372
New Mexico,2020-09-03,790.0996734936845
New York,2020-09-03,33025.03213366974
North Carolina,2020-09-03,2787.723051122418
North Dakota,2020-09-03,147.65903360463568
Ohio,2020-09-03,4200.321697692229
Oklahoma,2020-09-03,848.7532033225066
Oregon,2020-09-03,481.75782811072787
Pennsylvania,2020-09-03,7715.774413478198
Rhode Island,2020-09-03,1052.1618186124647
South Carolina,2020-09-03,2838.9133512448425
South Dakota,2020-09-03,170.4095685595456
Tennessee,2020-09-03,1868.9544280986995
Texas,2020-09-03,13474.07922900553
Utah,2020-09-03,421.6373533402365
Vermont,2020-09-03,57.78223465307406
Virginia,2020-09-03,2639.70426755816
Washington,2020-09-03,1942.6185647398374
West Virginia,2020-09-03,225.77128393622863
Wisconsin,2020-09-03,1147.0938409350467
Wyoming,2020-09-03,36.880115114096725
Alabama,2020-09-04,2237.251060122684
Alaska,2020-09-04,39.14243230195345
Arizona,2020-09-04,5228.227296172428
Arkansas,2020-09-04,845.7892679824557
California,2020-09-04,13503.601191047144
Colorado,2020-09-04,1969.5382096617589
Connecticut,2020-09-04,4467.734278657438
Delaware,2020-09-04,615.8989034599804
Florida,2020-09-04,11513.13728963883
Georgia,2020-09-04,5961.172171978482
Hawaii,2020-09-04,84.2242900581639
Idaho,2020-09-04,391.22623780567113
Illinois,2020-09-04,8324.198700068238
Indiana,2020-09-04,3328.891268814558
Iowa,2020-09-04,1169.322803412548
Kansas,2020-09-04,464.18345409651016
Kentucky,2020-09-04,967.6913725618541
Louisiana,2020-09-04,5088.1677480590915
Maine,2020-09-04,133.33249546452555
Maryland,2020-09-04,3780.641438486871
Massachusetts,2020-09-04,9139.524173732663
Michigan,2020-09-04,6806.763873418794
Minnesota,2020-09-04,1905.2794386395735
Mississippi,2020-09-04,2605.771885336296
Missouri,2020-09-04,1581.066565256448
Montana,2020-09-04,108.60926560228305
Nebraska,2020-09-04,407.4026262635829
Nevada,2020-09-04,1379.658590924305
New Hampshire,2020-09-04,432.5881694849768
New Jersey,2020-09-04,15949.347357502209
New Mexico,2020-09-04,795.747313865026
New York,2020-09-04,33037.22392271123
North Carolina,2020-09-04,2807.8141303483367
North Dakota,2020-09-04,148.4669298662476
Ohio,2020-09-04,4252.378058389509
Oklahoma,2020-09-04,859.1655956378194
Oregon,2020-09-04,485.5050831354179
Pennsylvania,2020-09-04,7732.11130521603
Rhode Island,2020-09-04,1053.4215900109741
South Carolina,2020-09-04,2891.9991783939495
South Dakota,2020-09-04,171.8185239798782
Tennessee,2020-09-04,1911.7022707826943
Texas,2020-09-04,13783.86167839266
Utah,2020-09-04,419.6763224972446
Vermont,2020-09-04,57.679581074097165
Virginia,2020-09-04,2656.5778231534973
Washington,2020-09-04,1946.0108575295692
West Virginia,2020-09-04,226.1040245060056
Wisconsin,2020-09-04,1154.1163094263354
Wyoming,2020-09-04,37.25560335275848
Alabama,2020-09-05,2282.703413203695
Alaska,2020-09-05,39.70233233113157
Arizona,2020-09-05,5270.31482050234
Arkansas,2020-09-05,858.699078528567
California,2020-09-05,13608.947731326974
Colorado,2020-09-05,1974.9478957313463
Connecticut,2020-09-05,4463.324333436826
Delaware,2020-09-05,614.7737918280848
Florida,2020-09-05,11584.659243556058
Georgia,2020-09-05,6034.4240575016165
Hawaii,2020-09-05,87.43278535936415
Idaho,2020-09-05,393.16530379357414
Illinois,2020-09-05,8335.42407046241
Indiana,2020-09-05,3338.6145673681003
Iowa,2020-09-05,1175.1530797309945
Kansas,2020-09-05,465.84850676120357
Kentucky,2020-09-05,974.389802951394
Louisiana,2020-09-05,5110.61675141115
Maine,2020-09-05,133.4487679214649
Maryland,2020-09-05,9311373752.907597
Massachusetts,2020-09-05,9154.55353515792
Michigan,2020-09-05,6815.946954457108
Minnesota,2020-09-05,1901.3033252485732
Mississippi,2020-09-05,2629.0249398304477
Missouri,2020-09-05,1592.807567501027
Montana,2020-09-05,109.92354928785821
Nebraska,2020-09-05,408.8049977931975
Nevada,2020-09-05,1386.9275936637184
New Hampshire,2020-09-05,432.2010693404958
New Jersey,2020-09-05,15955.107185703522
New Mexico,2020-09-05,798.8999154373432
New York,2020-09-05,33057.079080958974
North Carolina,2020-09-05,2829.549562568943
North Dakota,2020-09-05,149.33875908491203
Ohio,2020-09-05,4310.092571315355
Oklahoma,2020-09-05,869.3014235990794
Oregon,2020-09-05,486.4846672077055
Pennsylvania,2020-09-05,7734.167598287431
Rhode Island,2020-09-05,1053.768829171943
South Carolina,2020-09-05,2932.951624549728
South Dakota,2020-09-05,173.7154680439039
Tennessee,2020-09-05,1923.260017296696
Texas,2020-09-05,13836.606996426268
Utah,2020-09-05,421.81560901341237
Vermont,2020-09-05,57.73971346159496
Virginia,2020-09-05,2677.575589509986
Washington,2020-09-05,1950.9772336763701
West Virginia,2020-09-05,230.89697805424498
Wisconsin,2020-09-05,1158.4412895864752
Wyoming,2020-09-05,37.31990013149209
Alabama,2020-09-06,2302.9792872458784
Alaska,2020-09-06,40.242047078851954
Arizona,2020-09-06,5292.690058318624
Arkansas,2020-09-06,871.9894407672041
California,2020-09-06,13592.6960261687
Colorado,2020-09-06,1981.001887561233
Connecticut,2020-09-06,4468.370574569201
Delaware,2020-09-06,608.9458900043079
Florida,2020-09-06,11548.369739462883
Georgia,2020-09-06,6059.100785663237
Hawaii,2020-09-06,91.60965574945803
Idaho,2020-09-06,393.5388525364677
Illinois,2020-09-06,8344.880520534765
Indiana,2020-09-06,3329.4256535707505
Iowa,2020-09-06,1186.3841399840057
Kansas,2020-09-06,464.4387944020854
Kentucky,2020-09-06,978.117335077006
Louisiana,2020-09-06,5140.303518261259
Maine,2020-09-06,133.69418027703497
Maryland,2020-09-06,9311373752.907597
Massachusetts,2020-09-06,9159.317053776298
Michigan,2020-09-06,6825.711976831136
Minnesota,2020-09-06,1911.5695213505162
Mississippi,2020-09-06,2645.9804377618266
Missouri,2020-09-06,1600.7850791429485
Montana,2020-09-06,111.65712227768744
Nebraska,2020-09-06,410.37791850664667
Nevada,2020-09-06,1387.7378693841354
New Hampshire,2020-09-06,431.8461124803383
New Jersey,2020-09-06,15960.179571786646
New Mexico,2020-09-06,804.430131408446
New York,2020-09-06,33053.991839983435
North Carolina,2020-09-06,2834.948631305771
North Dakota,2020-09-06,150.4952586834395
Ohio,2020-09-06,4302.371586600816
Oklahoma,2020-09-06,870.6281850771654
Oregon,2020-09-06,490.1308328623861
Pennsylvania,2020-09-06,7731.452823475713
Rhode Island,2020-09-06,1055.4568442237207
South Carolina,2020-09-06,2937.1397388815576
South Dakota,2020-09-06,174.8293138346176
Tennessee,2020-09-06,1940.377247547913
Texas,2020-09-06,13880.76131841201
Utah,2020-09-06,424.0506276243903
Vermont,2020-09-06,57.86863845370657
Virginia,2020-09-06,2685.1321859264426
Washington,2020-09-06,1953.3954064322331
West Virginia,2020-09-06,234.78650151737048
Wisconsin,2020-09-06,1163.0094460792452
Wyoming,2020-09-06,37.65774726374938
Alabama,2020-09-07,2311.2909095454684
Alaska,2020-09-07,39.899684766003645
Arizona,2020-09-07,5281.043206621188
Arkansas,2020-09-07,882.5973226535241
California,2020-09-07,13619.25691200237
Colorado,2020-09-07,1975.6596259544422
Connecticut,2020-09-07,4465.275453242907
Delaware,2020-09-07,608.720748918981
Florida,2020-09-07,11568.647342169566
Georgia,2020-09-07,6099.335162968018
Hawaii,2020-09-07,95.69541581288706
Idaho,2020-09-07,398.23329445034454
Illinois,2020-09-07,8357.250273321186
Indiana,2020-09-07,3320.989715002653
Iowa,2020-09-07,1193.4624835589145
Kansas,2020-09-07,466.5302993824384
Kentucky,2020-09-07,985.333478294287
Louisiana,2020-09-07,5145.738834032824
Maine,2020-09-07,133.09652705045266
Maryland,2020-09-07,9311373752.907597
Massachusetts,2020-09-07,9185.674803657013
Michigan,2020-09-07,6826.118635871766
Minnesota,2020-09-07,1914.0374999768467
Mississippi,2020-09-07,2661.3492971178325
Missouri,2020-09-07,1618.781357370685
Montana,2020-09-07,112.64846184025056
Nebraska,2020-09-07,411.31363637621763
Nevada,2020-09-07,1392.7516858254828
New Hampshire,2020-09-07,431.64426671864396
New Jersey,2020-09-07,15959.378506954214
New Mexico,2020-09-07,808.1276136887658
New York,2020-09-07,33063.6209431404
North Carolina,2020-09-07,2846.07511996226
North Dakota,2020-09-07,151.22881509638245
Ohio,2020-09-07,4305.9659101487205
Oklahoma,2020-09-07,876.1203524471023
Oregon,2020-09-07,490.51660802131863
Pennsylvania,2020-09-07,7729.686017850812
Rhode Island,2020-09-07,1058.5323916264574
South Carolina,2020-09-07,2962.7090594224833
South Dakota,2020-09-07,176.17580324055436
Tennessee,2020-09-07,1957.8422655430238
Texas,2020-09-07,13694.137690066289
Utah,2020-09-07,424.64602674019034
Vermont,2020-09-07,57.741824504344095
Virginia,2020-09-07,2687.598719830579
Washington,2020-09-07,1961.209903490405
West Virginia,2020-09-07,234.26757360621198
Wisconsin,2020-09-07,1165.6754672770014
Wyoming,2020-09-07,37.335352702114996
Alabama,2020-09-08,2325.6339313631547
Alaska,2020-09-08,40.88250140655486
Arizona,2020-09-08,5313.63352385665
Arkansas,2020-09-08,900.0969801604568
California,2020-09-08,13758.699962141338
Colorado,2020-09-08,1982.7254189976297
Connecticut,2020-09-08,4468.471018764828
Delaware,2020-09-08,609.420267634263
Florida,2020-09-08,11642.604358239516
Georgia,2020-09-08,6158.455986863122
Hawaii,2020-09-08,98.5234734176082
Idaho,2020-09-08,404.0772715559094
Illinois,2020-09-08,8373.687784136942
Indiana,2020-09-08,3329.8676745906737
Iowa,2020-09-08,1202.291577550662
Kansas,2020-09-08,470.0374284660213
Kentucky,2020-09-08,992.5662407060026
Louisiana,2020-09-08,5184.624801724299
Maine,2020-09-08,133.20378015597842
Maryland,2020-09-08,9311373752.907597
Massachusetts,2020-09-08,9202.262113419816
Michigan,2020-09-08,6848.57684426745
Minnesota,2020-09-08,1913.579022719601
Mississippi,2020-09-08,2707.7054784155766
Missouri,2020-09-08,1633.5152890515758
Montana,2020-09-08,112.18293908152663
Nebraska,2020-09-08,414.5500451386161
Nevada,2020-09-08,1401.7945903810553
New Hampshire,2020-09-08,432.36329465969374
New Jersey,2020-09-08,15960.602174984779
New Mexico,2020-09-08,812.5008170226411
New York,2020-09-08,33088.33361429327
North Carolina,2020-09-08,2868.3090863882217
North Dakota,2020-09-08,152.68999682951815
Ohio,2020-09-08,4314.989351545535
Oklahoma,2020-09-08,889.2005762720873
Oregon,2020-09-08,499.0664456906121
Pennsylvania,2020-09-08,7750.808194682632
Rhode Island,2020-09-08,1060.2308513878531
South Carolina,2020-09-08,2996.5999321995228
South Dakota,2020-09-08,176.89937107850807
Tennessee,2020-09-08,1988.1159407248206
Texas,2020-09-08,13771.666497296734
Utah,2020-09-08,428.6809999351136
Vermont,2020-09-08,57.790519991317495
Virginia,2020-09-08,2702.6034686489534
Washington,2020-09-08,1974.657735521083
West Virginia,2020-09-08,241.8370507987308
Wisconsin,2020-09-08,1168.177325064053
Wyoming,2020-09-08,37.75265098565654
Alabama,2020-09-09,2347.472243086552
Alaska,2020-09-09,41.05169205939142
Arizona,2020-09-09,5408.889892885937
Arkansas,2020-09-09,911.4667728236141
California,2020-09-09,13909.728186887192
Colorado,2020-09-09,1982.0405140770092
Connecticut,2020-09-09,4467.039718758523
Delaware,2020-09-09,611.1535413292336
Florida,2020-09-09,11709.627236508411
Georgia,2020-09-09,6224.92441202178
Hawaii,2020-09-09,101.84043696770038
Idaho,2020-09-09,408.928247487777
Illinois,2020-09-09,8398.241819432278
Indiana,2020-09-09,3336.7081774420235
Iowa,2020-09-09,1219.312514252339
Kansas,2020-09-09,472.55515815275413
Kentucky,2020-09-09,1001.3885367091654
Louisiana,2020-09-09,5212.654655137361
Maine,2020-09-09,134.1908365237787
Maryland,2020-09-09,9311373752.907597
Massachusetts,2020-09-09,9219.263207329477
Michigan,2020-09-09,6863.492535899076
Minnesota,2020-09-09,1921.7524872526333
Mississippi,2020-09-09,2758.51145698336
Missouri,2020-09-09,1647.006970303794
Montana,2020-09-09,114.1449154754534
Nebraska,2020-09-09,418.4634511795054
Nevada,2020-09-09,1425.2760386151422
New Hampshire,2020-09-09,432.64234178209347
New Jersey,2020-09-09,15958.183188211924
New Mexico,2020-09-09,816.8629306784912
New York,2020-09-09,33112.134073998575
North Carolina,2020-09-09,2899.2883172577567
North Dakota,2020-09-09,154.1047752422301
Ohio,2020-09-09,4355.763771805283
Oklahoma,2020-09-09,907.4629302351957
Oregon,2020-09-09,509.53185374099274
Pennsylvania,2020-09-09,7780.969153795158
Rhode Island,2020-09-09,1062.0392385690084
South Carolina,2020-09-09,3030.664972578426
South Dakota,2020-09-09,177.234761844597
Tennessee,2020-09-09,2018.806145437427
Texas,2020-09-09,13841.574665896062
Utah,2020-09-09,430.8298196701593
Vermont,2020-09-09,57.66598463245478
Virginia,2020-09-09,2725.470795699158
Washington,2020-09-09,1975.6242494744572
West Virginia,2020-09-09,247.53000832509545
Wisconsin,2020-09-09,1180.6944185115476
Wyoming,2020-09-09,37.39007953070813
Alabama,2020-09-10,2367.935781382791
Alaska,2020-09-10,40.93761570149794
Arizona,2020-09-10,5475.3479287139435
Arkansas,2020-09-10,921.1113937820431
California,2020-09-10,14017.313823663919
Colorado,2020-09-10,1983.9988230049532
Connecticut,2020-09-10,4466.901621445686
Delaware,2020-09-10,610.7777010301677
Florida,2020-09-10,11753.50612998551
Georgia,2020-09-10,6289.039028908094
Hawaii,2020-09-10,104.48610271750415
Idaho,2020-09-10,410.7866860466965
Illinois,2020-09-10,8420.333810451566
Indiana,2020-09-10,3342.185146187349
Iowa,2020-09-10,1230.2309723322628
Kansas,2020-09-10,477.7535489034807
Kentucky,2020-09-10,1007.2982565935467
Louisiana,2020-09-10,5238.120462579289
Maine,2020-09-10,133.7740694997062
Maryland,2020-09-10,9311373752.907597
Massachusetts,2020-09-10,9250.954775473616
Michigan,2020-09-10,6875.159975488068
Minnesota,2020-09-10,1933.5427481716406
Mississippi,2020-09-10,2787.0511749681664
Missouri,2020-09-10,1653.2597265671466
Montana,2020-09-10,115.59346789664006
Nebraska,2020-09-10,420.75270570086076
Nevada,2020-09-10,1441.793491922419
New Hampshire,2020-09-10,431.4736995541715
New Jersey,2020-09-10,15958.845742666823
New Mexico,2020-09-10,821.4438402776598
New York,2020-09-10,33134.4430333363
North Carolina,2020-09-10,2923.3445945621866
North Dakota,2020-09-10,154.5708697254927
Ohio,2020-09-10,4347.883105157119
Oklahoma,2020-09-10,919.1134156366493
Oregon,2020-09-10,514.7399813664465
Pennsylvania,2020-09-10,7787.15833954352
Rhode Island,2020-09-10,1064.2393135635248
South Carolina,2020-09-10,3077.8668596506527
South Dakota,2020-09-10,178.86913825770944
Tennessee,2020-09-10,2039.9977003077047
Texas,2020-09-10,14020.165045829273
Utah,2020-09-10,435.35956173636373
Vermont,2020-09-10,57.6423618856064
Virginia,2020-09-10,2740.3857365797235
Washington,2020-09-10,1984.6578138462057
West Virginia,2020-09-10,251.9228861375155
Wisconsin,2020-09-10,1187.2103259614073
Wyoming,2020-09-10,37.542202526455924
Alabama,2020-09-11,2377.0363035330183
Alaska,2020-09-11,41.53540196873418
Arizona,2020-09-11,5487.134819749584
Arkansas,2020-09-11,934.8725367836267
California,2020-09-11,14098.306975201052
Colorado,2020-09-11,1988.976803528835
Connecticut,2020-09-11,4468.5798191195945
Delaware,2020-09-11,610.8530884542305
Florida,2020-09-11,11799.314379576399
Georgia,2020-09-11,6393.210285286085
Hawaii,2020-09-11,107.9602754529425
Idaho,2020-09-11,419.34040637265144
Illinois,2020-09-11,8440.812999967022
Indiana,2020-09-11,3348.041641899998
Iowa,2020-09-11,1243.2141306604838
Kansas,2020-09-11,481.9195869264002
Kentucky,2020-09-11,1013.9821616186418
Louisiana,2020-09-11,5275.8837814470135
Maine,2020-09-11,134.34982921432908
Maryland,2020-09-11,9311373752.907597
Massachusetts,2020-09-11,9258.669153984723
Michigan,2020-09-11,6896.221863222851
Minnesota,2020-09-11,1930.8000710495091
Mississippi,2020-09-11,2796.1078552791323
Missouri,2020-09-11,1667.655948265913
Montana,2020-09-11,117.99846223707667
Nebraska,2020-09-11,422.16901887796377
Nevada,2020-09-11,1452.8399726828984
New Hampshire,2020-09-11,432.37439301228426
New Jersey,2020-09-11,15958.379226647758
New Mexico,2020-09-11,826.5291319787095
New York,2020-09-11,33170.804706789444
North Carolina,2020-09-11,2940.6465558130326
North Dakota,2020-09-11,155.67122795026526
Ohio,2020-09-11,4428.4138497088425
Oklahoma,2020-09-11,928.2137374316657
Oregon,2020-09-11,519.5594341319073
Pennsylvania,2020-09-11,7804.898297269482
Rhode Island,2020-09-11,1065.4646012544677
South Carolina,2020-09-11,3119.637513303307
South Dakota,2020-09-11,181.92109142963807
Tennessee,2020-09-11,2070.8072322950466
Texas,2020-09-11,14170.76573136805
Utah,2020-09-11,439.93434987856875
Vermont,2020-09-11,57.40058698654101
Virginia,2020-09-11,2747.5583077371994
Washington,2020-09-11,1984.631254314989
West Virginia,2020-09-11,251.44667668945257
Wisconsin,2020-09-11,1188.6996161266509
Wyoming,2020-09-11,38.26284080790774
Alabama,2020-09-12,2399.4248366052057
Alaska,2020-09-12,42.40492055781267
Arizona,2020-09-12,5533.046314826041
Arkansas,2020-09-12,952.1014283642663
California,2020-09-12,14203.676120757782
Colorado,2020-09-12,1995.8090218918965
Connecticut,2020-09-12,4465.878389857483
Delaware,2020-09-12,611.3759935747659
Florida,2020-09-12,11828.70626882139
Georgia,2020-09-12,6477.5985649628155
Hawaii,2020-09-12,110.60708109331244
Idaho,2020-09-12,427.26519454902007
Illinois,2020-09-12,8449.898434791787
Indiana,2020-09-12,3345.286213519524
Iowa,2020-09-12,1253.2081108817956
Kansas,2020-09-12,483.16115726573724
Kentucky,2020-09-12,1018.9322818699889
Louisiana,2020-09-12,5274.878244537824
Maine,2020-09-12,134.65115869578
Maryland,2020-09-12,9311373752.907597
Massachusetts,2020-09-12,9267.05596917645
Michigan,2020-09-12,6909.028310063888
Minnesota,2020-09-12,1930.8526840700167
Mississippi,2020-09-12,2815.6889922307514
Missouri,2020-09-12,1671.430049185069
Montana,2020-09-12,119.37774802697162
Nebraska,2020-09-12,423.62883870621005
Nevada,2020-09-12,1453.7147405057965
New Hampshire,2020-09-12,432.4880136707065
New Jersey,2020-09-12,15963.906125595015
New Mexico,2020-09-12,829.7730690381259
New York,2020-09-12,33198.664184905916
North Carolina,2020-09-12,2972.314262877677
North Dakota,2020-09-12,156.9229778660637
Ohio,2020-09-12,4458.395426199228
Oklahoma,2020-09-12,937.7676483100435
Oregon,2020-09-12,526.6169152033125
Pennsylvania,2020-09-12,7807.684579400114
Rhode Island,2020-09-12,1066.0533777979526
South Carolina,2020-09-12,3153.0275504325073
South Dakota,2020-09-12,183.12038194568646
Tennessee,2020-09-12,2088.1027615328944
Texas,2020-09-12,14338.807862284792
Utah,2020-09-12,440.36212064053825
Vermont,2020-09-12,57.45824417350819
Virginia,2020-09-12,2761.108409976884
Washington,2020-09-12,1990.297646820352
West Virginia,2020-09-12,259.2471457571782
Wisconsin,2020-09-12,1196.7655842225417
Wyoming,2020-09-12,38.492380213000345
Alabama,2020-09-13,2418.3827555389284
Alaska,2020-09-13,42.963682694655155
Arizona,2020-09-13,5577.891352010911
Arkansas,2020-09-13,966.6384396345992
California,2020-09-13,14212.359755387404
Colorado,2020-09-13,1998.8114335827888
Connecticut,2020-09-13,4468.393234448097
Delaware,2020-09-13,611.3600328650932
Florida,2020-09-13,11792.238146527741
Georgia,2020-09-13,6518.236401104169
Hawaii,2020-09-13,112.19526446841301
Idaho,2020-09-13,428.3601003417131
Illinois,2020-09-13,8458.516301369431
Indiana,2020-09-13,3338.71519669073
Iowa,2020-09-13,1258.6596432558056
Kansas,2020-09-13,485.61619187434763
Kentucky,2020-09-13,1023.9018480504227
Louisiana,2020-09-13,5297.440812021667
Maine,2020-09-13,134.4958048073056
Maryland,2020-09-13,9311373752.907597
Massachusetts,2020-09-13,9281.23617012504
Michigan,2020-09-13,6918.616659900858
Minnesota,2020-09-13,1935.4152175141614
Mississippi,2020-09-13,2823.4265650084144
Missouri,2020-09-13,1676.6657004710044
Montana,2020-09-13,117.74249747784357
Nebraska,2020-09-13,425.5263666011693
Nevada,2020-09-13,1446.1115126082177
New Hampshire,2020-09-13,433.0724361192523
New Jersey,2020-09-13,15966.339636479554
New Mexico,2020-09-13,834.2944399844808
New York,2020-09-13,33193.736518804144
North Carolina,2020-09-13,2991.198691343092
North Dakota,2020-09-13,157.7408989512435
Ohio,2020-09-13,4443.6923742451745
Oklahoma,2020-09-13,943.2234972894202
Oregon,2020-09-13,530.2372151759843
Pennsylvania,2020-09-13,7797.906508484234
Rhode Island,2020-09-13,1068.7957446726018
South Carolina,2020-09-13,3163.9029481773905
South Dakota,2020-09-13,184.2429388529284
Tennessee,2020-09-13,2108.04652409033
Texas,2020-09-13,14393.893242005099
Utah,2020-09-13,439.3286746266079
Vermont,2020-09-13,57.44432675230777
Virginia,2020-09-13,2764.9026787569983
Washington,2020-09-13,1989.2663574887463
West Virginia,2020-09-13,264.0176497344003
Wisconsin,2020-09-13,1203.212146805781
Wyoming,2020-09-13,38.80304353542918
Alabama,2020-09-14,2435.7537041292194
Alaska,2020-09-14,42.661478647254135
Arizona,2020-09-14,5562.485613441903
Arkansas,2020-09-14,975.455777117318
California,2020-09-14,14281.174253011484
Colorado,2020-09-14,1998.1181579627657
Connecticut,2020-09-14,4464.708162172058
Delaware,2020-09-14,612.0684106061749
Florida,2020-09-14,11794.159807035965
Georgia,2020-09-14,6541.417193301709
Hawaii,2020-09-14,116.34190090061877
Idaho,2020-09-14,430.16735677378205
Illinois,2020-09-14,8469.312450112178
Indiana,2020-09-14,3337.113407698015
Iowa,2020-09-14,1266.4778435768912
Kansas,2020-09-14,485.3931821014325
Kentucky,2020-09-14,1030.1844213173124
Louisiana,2020-09-14,5312.622362419708
Maine,2020-09-14,135.22556627962996
Maryland,2020-09-14,9311373752.907597
Massachusetts,2020-09-14,9293.350506210672
Michigan,2020-09-14,6930.600413464334
Minnesota,2020-09-14,1933.2890855544426
Mississippi,2020-09-14,2845.5494080743765
Missouri,2020-09-14,1683.4013002469499
Montana,2020-09-14,118.96683585272828
Nebraska,2020-09-14,425.83368294101916
Nevada,2020-09-14,1451.3911698363027
New Hampshire,2020-09-14,432.6087798386728
New Jersey,2020-09-14,15968.852619396452
New Mexico,2020-09-14,838.604064806236
New York,2020-09-14,33209.53404083143
North Carolina,2020-09-14,3003.9248883178966
North Dakota,2020-09-14,157.67258267029374
Ohio,2020-09-14,4463.505233162228
Oklahoma,2020-09-14,946.9987540581282
Oregon,2020-09-14,533.9608341829903
Pennsylvania,2020-09-14,7803.498587924001
Rhode Island,2020-09-14,1072.2710661787653
South Carolina,2020-09-14,3193.6382508709007
South Dakota,2020-09-14,184.70722870842553
Tennessee,2020-09-14,2132.1621111924906
Texas,2020-09-14,14421.898190749424
Utah,2020-09-14,441.9743167870711
Vermont,2020-09-14,57.32264533448777
Virginia,2020-09-14,2767.932046188128
Washington,2020-09-14,1992.5489158756764
West Virginia,2020-09-14,265.65093640618267
Wisconsin,2020-09-14,1206.915288476323
Wyoming,2020-09-14,39.52986175047157
Alabama,2020-09-15,2467.6767230754485
Alaska,2020-09-15,44.00426032958243
Arizona,2020-09-15,5585.440581948138
Arkansas,2020-09-15,993.2684256846577
California,2020-09-15,14383.93754704908
Colorado,2020-09-15,2004.6289267895593
Connecticut,2020-09-15,4463.322305460949
Delaware,2020-09-15,613.0065264988532
Florida,2020-09-15,11847.335788613014
Georgia,2020-09-15,6598.771109594027
Hawaii,2020-09-15,119.58815424440427
Idaho,2020-09-15,437.2983810503362
Illinois,2020-09-15,8488.237235498193
Indiana,2020-09-15,3340.679867333887
Iowa,2020-09-15,1279.639277772011
Kansas,2020-09-15,486.3544461925794
Kentucky,2020-09-15,1039.4957208691883
Louisiana,2020-09-15,5342.634374379642
Maine,2020-09-15,135.35232876712877
Maryland,2020-09-15,9311373752.907597
Massachusetts,2020-09-15,9311.355360086538
Michigan,2020-09-15,6939.46087281236
Minnesota,2020-09-15,1938.5807621112313
Mississippi,2020-09-15,2897.009964503453
Missouri,2020-09-15,1690.9530652709043
Montana,2020-09-15,121.26691653378651
Nebraska,2020-09-15,429.7647028718329
Nevada,2020-09-15,1458.2462157562004
New Hampshire,2020-09-15,432.4884221846552
New Jersey,2020-09-15,15968.997387186364
New Mexico,2020-09-15,840.7094340779033
New York,2020-09-15,33227.831246988695
North Carolina,2020-09-15,3029.6703138300327
North Dakota,2020-09-15,160.28079616750452
Ohio,2020-09-15,4471.114884756042
Oklahoma,2020-09-15,960.0875124909152
Oregon,2020-09-15,540.3781069022998
Pennsylvania,2020-09-15,7830.099929171833
Rhode Island,2020-09-15,1074.235447046571
South Carolina,2020-09-15,3221.7624373971466
South Dakota,2020-09-15,185.09696294756137
Tennessee,2020-09-15,2165.364600316475
Texas,2020-09-15,14536.301348057501
Utah,2020-09-15,447.7049457356855
Vermont,2020-09-15,57.289811951991986
Virginia,2020-09-15,2778.077945581197
Washington,2020-09-15,1999.6550786904531
West Virginia,2020-09-15,270.4555965500759
Wisconsin,2020-09-15,1214.1924444341669
Wyoming,2020-09-15,39.585418506839716
Alabama,2020-09-16,2496.052360986744
Alaska,2020-09-16,45.59760343620417
Arizona,2020-09-16,5664.220884343047
Arkansas,2020-09-16,1007.2229663221303
California,2020-09-16,14498.515698990985
Colorado,2020-09-16,2008.7889947430829
Connecticut,2020-09-16,4464.5164178371715
Delaware,2020-09-16,613.1873084906807
Florida,2020-09-16,11888.750239978024
Georgia,2020-09-16,6681.12382139969
Hawaii,2020-09-16,122.38792093818235
Idaho,2020-09-16,443.0727297584566
Illinois,2020-09-16,8512.308620551918
Indiana,2020-09-16,3341.595838286863
Iowa,2020-09-16,1295.148287522825
Kansas,2020-09-16,490.13636189323404
Kentucky,2020-09-16,1048.1471048380715
Louisiana,2020-09-16,5366.063251508741
Maine,2020-09-16,135.6298346593839
Maryland,2020-09-16,9311373752.907597
Massachusetts,2020-09-16,9329.198748443874
Michigan,2020-09-16,6962.125249974481
Minnesota,2020-09-16,1944.1526985944174
Mississippi,2020-09-16,2943.0676008152423
Missouri,2020-09-16,1699.459865678054
Montana,2020-09-16,123.10691420445795
Nebraska,2020-09-16,433.3219939198389
Nevada,2020-09-16,1474.640501132361
New Hampshire,2020-09-16,433.00161363516787
New Jersey,2020-09-16,15968.72211398239
New Mexico,2020-09-16,847.1781693965287
New York,2020-09-16,33244.48327662116
North Carolina,2020-09-16,3057.649419945021
North Dakota,2020-09-16,162.05351961726953
Ohio,2020-09-16,4496.904779750979
Oklahoma,2020-09-16,978.4189339209255
Oregon,2020-09-16,546.7737746331032
Pennsylvania,2020-09-16,7854.084711938472
Rhode Island,2020-09-16,1075.7180847124614
South Carolina,2020-09-16,3256.781087493595
South Dakota,2020-09-16,186.47531363798922
Tennessee,2020-09-16,2204.4848769411033
Texas,2020-09-16,14708.797352066907
Utah,2020-09-16,451.25923945187793
Vermont,2020-09-16,57.212695727122146
Virginia,2020-09-16,2793.5412226280896
Washington,2020-09-16,2001.0530605632223
West Virginia,2020-09-16,277.3151570369404
Wisconsin,2020-09-16,1224.4199936115272
Wyoming,2020-09-16,40.86009286247568
Alabama,2020-09-17,2512.2980843612995
Alaska,2020-09-17,45.988717944522776
Arizona,2020-09-17,5744.8439776948035
Arkansas,2020-09-17,1022.7680616268204
California,2020-09-17,14609.001055181474
Colorado,2020-09-17,2012.6309020307044
Connecticut,2020-09-17,4463.495525204316
Delaware,2020-09-17,614.2481789418428
Florida,2020-09-17,11910.56631973032
Georgia,2020-09-17,6734.594064953328
Hawaii,2020-09-17,126.85508167200989
Idaho,2020-09-17,448.11583726617954
Illinois,2020-09-17,8533.01275040628
Indiana,2020-09-17,3342.5795944396914
Iowa,2020-09-17,1303.323702768123
Kansas,2020-09-17,493.83814249352514
Kentucky,2020-09-17,1056.225507697394
Louisiana,2020-09-17,5390.167214451133
Maine,2020-09-17,136.4743692462888
Maryland,2020-09-17,9311373752.907597
Massachusetts,2020-09-17,9346.910380647992
Michigan,2020-09-17,6963.447581628791
Minnesota,2020-09-17,1944.4901064483777
Mississippi,2020-09-17,2964.1696642208713
Missouri,2020-09-17,1709.4231312012848
Montana,2020-09-17,123.6454191287672
Nebraska,2020-09-17,435.7875481122067
Nevada,2020-09-17,1487.116344832571
New Hampshire,2020-09-17,433.4720833629255
New Jersey,2020-09-17,15968.744719856059
New Mexico,2020-09-17,850.7434604818653
New York,2020-09-17,33278.97678220297
North Carolina,2020-09-17,3084.69831680464
North Dakota,2020-09-17,162.19091651517127
Ohio,2020-09-17,4509.24551161401
Oklahoma,2020-09-17,991.8565237605986
Oregon,2020-09-17,553.4330172173457
Pennsylvania,2020-09-17,7867.663827582499
Rhode Island,2020-09-17,1077.5014835403426
South Carolina,2020-09-17,3304.3071427257637
South Dakota,2020-09-17,188.63426049539046
Tennessee,2020-09-17,2246.2791484221584
Texas,2020-09-17,14875.098187423482
Utah,2020-09-17,454.292301506268
Vermont,2020-09-17,57.35246207976433
Virginia,2020-09-17,2810.3564057769286
Washington,2020-09-17,2014.871681270521
West Virginia,2020-09-17,278.19497550578785
Wisconsin,2020-09-17,1231.961711481824
Wyoming,2020-09-17,41.42792331474739
Alabama,2020-09-18,2530.512678019002
Alaska,2020-09-18,47.464674330822966
Arizona,2020-09-18,5771.236968298752
Arkansas,2020-09-18,1036.1848002335137
California,2020-09-18,14741.14462768461
Colorado,2020-09-18,2018.7313432985995
Connecticut,2020-09-18,4466.504356751189
Delaware,2020-09-18,615.4479989857302
Florida,2020-09-18,11906.634795782024
Georgia,2020-09-18,6820.844125167267
Hawaii,2020-09-18,130.50952259677362
Idaho,2020-09-18,455.52297202217625
Illinois,2020-09-18,8548.361789309032
Indiana,2020-09-18,3345.051871266231
Iowa,2020-09-18,1314.1164986565238
Kansas,2020-09-18,497.98347226983867
Kentucky,2020-09-18,1064.0254784210767
Louisiana,2020-09-18,5425.617719854936
Maine,2020-09-18,136.22674946203915
Maryland,2020-09-18,9311373752.907597
Massachusetts,2020-09-18,9356.254134226585
Michigan,2020-09-18,6980.805290685415
Minnesota,2020-09-18,1944.4847742914412
Mississippi,2020-09-18,2978.787383599353
Missouri,2020-09-18,1716.7610152841985
Montana,2020-09-18,124.95923217008007
Nebraska,2020-09-18,437.86632249582556
Nevada,2020-09-18,1497.2619605922578
New Hampshire,2020-09-18,433.2523091788736
New Jersey,2020-09-18,15970.637210043215
New Mexico,2020-09-18,854.499431799974
New York,2020-09-18,33320.56967029926
North Carolina,2020-09-18,3113.407131706717
North Dakota,2020-09-18,162.1818573238574
Ohio,2020-09-18,4555.356478273268
Oklahoma,2020-09-18,1001.2451555526918
Oregon,2020-09-18,558.8298421822166
Pennsylvania,2020-09-18,7873.874522056335
Rhode Island,2020-09-18,1078.6799627677053
South Carolina,2020-09-18,3337.637231472613
South Dakota,2020-09-18,190.4357821307571
Tennessee,2020-09-18,2291.7440889885643
Texas,2020-09-18,15017.808779871704
Utah,2020-09-18,455.5223539049209
Vermont,2020-09-18,57.19089996770899
Virginia,2020-09-18,2821.264796971542
Washington,2020-09-18,2025.521665164459
West Virginia,2020-09-18,281.0790649912142
Wisconsin,2020-09-18,1233.4586011826566
Wyoming,2020-09-18,41.595526949419856
Alabama,2020-09-19,2558.2978948760715
Alaska,2020-09-19,48.441899705424056
Arizona,2020-09-19,5793.19165844727
Arkansas,2020-09-19,1054.08309784883
California,2020-09-19,14775.717496232064
Colorado,2020-09-19,2024.218556749027
Connecticut,2020-09-19,4463.228125122064
Delaware,2020-09-19,615.5225774736784
Florida,2020-09-19,11905.103588022259
Georgia,2020-09-19,6878.774543886897
Hawaii,2020-09-19,135.22445216693617
Idaho,2020-09-19,460.1562042283239
Illinois,2020-09-19,8554.892478408256
Indiana,2020-09-19,3345.8614143197906
Iowa,2020-09-19,1324.7862268440988
Kansas,2020-09-19,498.3476279271649
Kentucky,2020-09-19,1070.9090755997827
Louisiana,2020-09-19,5437.318251074402
Maine,2020-09-19,136.2041328862145
Maryland,2020-09-19,9311373752.907597
Massachusetts,2020-09-19,9377.605994832582
Michigan,2020-09-19,7003.430735619784
Minnesota,2020-09-19,1941.413857241427
Mississippi,2020-09-19,3004.3244226034926
Missouri,2020-09-19,1740.4758507628994
Montana,2020-09-19,126.90715844555898
Nebraska,2020-09-19,439.23218551162967
Nevada,2020-09-19,1499.8114812023557
New Hampshire,2020-09-19,433.4833710690421
New Jersey,2020-09-19,15975.762103906964
New Mexico,2020-09-19,858.3348186811746
New York,2020-09-19,33363.642715880516
North Carolina,2020-09-19,3134.329858575775
North Dakota,2020-09-19,163.3516478829537
Ohio,2020-09-19,4613.575935156528
Oklahoma,2020-09-19,1010.7076947880652
Oregon,2020-09-19,562.7140005797801
Pennsylvania,2020-09-19,7876.534101332208
Rhode Island,2020-09-19,1079.109427655279
South Carolina,2020-09-19,3371.46158935768
South Dakota,2020-09-19,192.42798033524426
Tennessee,2020-09-19,2316.4278739483602
Texas,2020-09-19,15098.963716924378
Utah,2020-09-19,455.5886319065661
Vermont,2020-09-19,57.092015108239124
Virginia,2020-09-19,2832.3070784089355
Washington,2020-09-19,2027.5759999399731
West Virginia,2020-09-19,287.28138893696376
Wisconsin,2020-09-19,1244.8447766184283
Wyoming,2020-09-19,41.90452043328972
Alabama,2020-09-20,2571.7112898159844
Alaska,2020-09-20,49.18747127480442
Arizona,2020-09-20,5846.672948707455
Arkansas,2020-09-20,1066.5175438872748
California,2020-09-20,14781.377967637913
Colorado,2020-09-20,2025.13196397703
Connecticut,2020-09-20,4464.230851975608
Delaware,2020-09-20,615.5957946041668
Florida,2020-09-20,11871.292192515444
Georgia,2020-09-20,6913.649021282241
Hawaii,2020-09-20,138.10465375558488
Idaho,2020-09-20,460.2260517795564
Illinois,2020-09-20,8563.518378792322
Indiana,2020-09-20,3342.828275598777
Iowa,2020-09-20,1328.8680671838206
Kansas,2020-09-20,499.1418122387625
Kentucky,2020-09-20,1077.7158246068761
Louisiana,2020-09-20,5457.081989657437
Maine,2020-09-20,136.47603245147215
Maryland,2020-09-20,9311373752.907597
Massachusetts,2020-09-20,9376.822084168409
Michigan,2020-09-20,7012.511690679154
Minnesota,2020-09-20,1949.9451132932288
Mississippi,2020-09-20,3022.2187275665538
Missouri,2020-09-20,1751.7164733027123
Montana,2020-09-20,128.15231607417428
Nebraska,2020-09-20,440.13675346460104
Nevada,2020-09-20,1487.5006363635148
New Hampshire,2020-09-20,433.1522673154133
New Jersey,2020-09-20,15978.294938222258
New Mexico,2020-09-20,863.0000266711604
New York,2020-09-20,33368.160334447486
North Carolina,2020-09-20,3149.1651446133283
North Dakota,2020-09-20,164.3457094123332
Ohio,2020-09-20,4613.009265229422
Oklahoma,2020-09-20,1013.3948884662758
Oregon,2020-09-20,567.0490483360993
Pennsylvania,2020-09-20,7865.200152615434
Rhode Island,2020-09-20,1081.8349667539117
South Carolina,2020-09-20,3385.4285206949257
South Dakota,2020-09-20,193.3370086914869
Tennessee,2020-09-20,2334.0358184611846
Texas,2020-09-20,15130.947429016376
Utah,2020-09-20,457.9343035499018
Vermont,2020-09-20,57.06397297747236
Virginia,2020-09-20,2838.469857208781
Washington,2020-09-20,2031.711978198999
West Virginia,2020-09-20,291.70971313468476
Wisconsin,2020-09-20,1250.9163339160273
Wyoming,2020-09-20,41.958748037316454
Alabama,2020-09-21,2587.55657233951
Alaska,2020-09-21,49.676305474928256
Arizona,2020-09-21,5840.1789182507755
Arkansas,2020-09-21,1079.1342805250044
California,2020-09-21,14813.812709857073
Colorado,2020-09-21,2024.1080905519866
Connecticut,2020-09-21,4462.391509113848
Delaware,2020-09-21,617.3598980446818
Florida,2020-09-21,11829.140803905811
Georgia,2020-09-21,6962.3777057721045
Hawaii,2020-09-21,144.80637917496193
Idaho,2020-09-21,461.77246054162475
Illinois,2020-09-21,8574.137691850468
Indiana,2020-09-21,3335.3425592402077
Iowa,2020-09-21,1340.794051318443
Kansas,2020-09-21,501.1607491277055
Kentucky,2020-09-21,1083.0361543011873
Louisiana,2020-09-21,5468.394589531806
Maine,2020-09-21,136.55465899082571
Maryland,2020-09-21,9311373752.907597
Massachusetts,2020-09-21,9394.129704408693
Michigan,2020-09-21,7028.474058930344
Minnesota,2020-09-21,1949.9231367064147
Mississippi,2020-09-21,3043.0271428651427
Missouri,2020-09-21,1759.5196768992378
Montana,2020-09-21,128.31985313609619
Nebraska,2020-09-21,441.0056758042614
Nevada,2020-09-21,1485.2047139486745
New Hampshire,2020-09-21,432.2052890127128
New Jersey,2020-09-21,15979.963395611672
New Mexico,2020-09-21,868.5286654387913
New York,2020-09-21,33380.528249921874
North Carolina,2020-09-21,3160.2000588145006
North Dakota,2020-09-21,166.42539107810293
Ohio,2020-09-21,4600.0087930832
Oklahoma,2020-09-21,1017.1929076322374
Oregon,2020-09-21,567.1878024725398
Pennsylvania,2020-09-21,7850.516137681853
Rhode Island,2020-09-21,1083.8749157369377
South Carolina,2020-09-21,3405.917589353724
South Dakota,2020-09-21,193.45380782150656
Tennessee,2020-09-21,2358.811022657409
Texas,2020-09-21,15141.125208293102
Utah,2020-09-21,461.00803683034206
Vermont,2020-09-21,57.019483511474476
Virginia,2020-09-21,2842.5075419243017
Washington,2020-09-21,2032.9668813850299
West Virginia,2020-09-21,293.979541826782
Wisconsin,2020-09-21,1254.015580361158
Wyoming,2020-09-21,41.82758756596277
Alabama,2020-09-22,2623.6650161626176
Alaska,2020-09-22,50.26792725839906
Arizona,2020-09-22,5879.9784459798075
Arkansas,2020-09-22,1095.2534984213394
California,2020-09-22,14966.618623719796
Colorado,2020-09-22,2030.2527358803625
Connecticut,2020-09-22,4462.036453962564
Delaware,2020-09-22,617.1337433055357
Florida,2020-09-22,11865.613902834286
Georgia,2020-09-22,7020.379457425879
Hawaii,2020-09-22,149.34408160741808
Idaho,2020-09-22,471.6654257447744
Illinois,2020-09-22,8592.32217667604
Indiana,2020-09-22,3340.0808788792583
Iowa,2020-09-22,1349.0233305812737
Kansas,2020-09-22,503.9636022090082
Kentucky,2020-09-22,1090.4335118609035
Louisiana,2020-09-22,5492.776120175936
Maine,2020-09-22,136.67729186814174
Maryland,2020-09-22,9311373752.907597
Massachusetts,2020-09-22,9410.835052268281
Michigan,2020-09-22,7035.5934016366455
Minnesota,2020-09-22,1955.2314993076407
Mississippi,2020-09-22,3095.954522065726
Missouri,2020-09-22,1777.2900171936406
Montana,2020-09-22,130.26307667280435
Nebraska,2020-09-22,445.1514598121978
Nevada,2020-09-22,1488.436260345172
New Hampshire,2020-09-22,432.9262664974983
New Jersey,2020-09-22,15981.174990731388
New Mexico,2020-09-22,872.972348060315
New York,2020-09-22,33394.47913581981
North Carolina,2020-09-22,3193.9670698848995
North Dakota,2020-09-22,167.70105013822368
Ohio,2020-09-22,4638.970154066099
Oklahoma,2020-09-22,1030.703216058231
Oregon,2020-09-22,573.6289831039154
Pennsylvania,2020-09-22,7870.054720365597
Rhode Island,2020-09-22,1085.2567034458414
South Carolina,2020-09-22,3442.8057068443263
South Dakota,2020-09-22,193.25587856740478
Tennessee,2020-09-22,2393.879639704649
Texas,2020-09-22,15216.06604098248
Utah,2020-09-22,462.5768151906617
Vermont,2020-09-22,57.031102397093385
Virginia,2020-09-22,2860.855653929153
Washington,2020-09-22,2038.0896675525134
West Virginia,2020-09-22,295.61178949040243
Wisconsin,2020-09-22,1261.5304453587066
Wyoming,2020-09-22,42.73762109398729
Alabama,2020-09-23,2651.1852494409322
Alaska,2020-09-23,50.96531197177607
Arizona,2020-09-23,5955.986618520375
Arkansas,2020-09-23,1110.3661229724496
California,2020-09-23,15046.649600970655
Colorado,2020-09-23,2036.2920141179663
Connecticut,2020-09-23,4463.018936598578
Delaware,2020-09-23,618.055457257471
Florida,2020-09-23,11901.651988187154
Georgia,2020-09-23,7104.075544163017
Hawaii,2020-09-23,152.68096556822357
Idaho,2020-09-23,478.08439820164364
Illinois,2020-09-23,8612.140220819516
Indiana,2020-09-23,3340.9170068272388
Iowa,2020-09-23,1360.985333844992
Kansas,2020-09-23,507.56112338497286
Kentucky,2020-09-23,1097.7885199969198
Louisiana,2020-09-23,5512.78893464013
Maine,2020-09-23,137.056598095365
Maryland,2020-09-23,9311373752.907597
Massachusetts,2020-09-23,9414.451474663556
Michigan,2020-09-23,7055.064391479499
Minnesota,2020-09-23,1957.0921894717246
Mississippi,2020-09-23,3135.0640540946983
Missouri,2020-09-23,1787.8836227261831
Montana,2020-09-23,133.76286893663288
Nebraska,2020-09-23,448.6442015838838
Nevada,2020-09-23,1501.56101335375
New Hampshire,2020-09-23,433.09011641915924
New Jersey,2020-09-23,15981.815199321598
New Mexico,2020-09-23,876.2364315013746
New York,2020-09-23,33417.68930932552
North Carolina,2020-09-23,3220.2761121045023
North Dakota,2020-09-23,168.42983141726904
Ohio,2020-09-23,4618.874505606834
Oklahoma,2020-09-23,1050.6031621023124
Oregon,2020-09-23,583.8937677330465
Pennsylvania,2020-09-23,7888.8053229004045
Rhode Island,2020-09-23,1086.9414421987624
South Carolina,2020-09-23,3483.3904885984834
South Dakota,2020-09-23,193.88585042174407
Tennessee,2020-09-23,2427.2724744814554
Texas,2020-09-23,15275.328779612779
Utah,2020-09-23,465.09346001706814
Vermont,2020-09-23,56.8691525300066
Virginia,2020-09-23,2879.1583351060476
Washington,2020-09-23,2043.8476473440153
West Virginia,2020-09-23,304.68429266834454
Wisconsin,2020-09-23,1268.5995904903002
Wyoming,2020-09-23,43.19030200357163
Alabama,2020-09-24,2678.1836244529627
Alaska,2020-09-24,51.25049073536649
Arizona,2020-09-24,6020.977449561044
Arkansas,2020-09-24,1121.4032950422727
California,2020-09-24,15141.301561378838
Colorado,2020-09-24,2038.7197535286532
Connecticut,2020-09-24,4458.143495741038
Delaware,2020-09-24,619.7576276052708
Florida,2020-09-24,11911.225184978952
Georgia,2020-09-24,7160.674318599075
Hawaii,2020-09-24,156.53525292241883
Idaho,2020-09-24,483.49340649747006
Illinois,2020-09-24,8632.81192438864
Indiana,2020-09-24,3343.2008934732576
Iowa,2020-09-24,1374.357937370316
Kansas,2020-09-24,511.5804773421902
Kentucky,2020-09-24,1104.0022160806807
Louisiana,2020-09-24,5532.360490272189
Maine,2020-09-24,137.3261670494081
Maryland,2020-09-24,9311373752.907597
Massachusetts,2020-09-24,9429.916552057339
Michigan,2020-09-24,7067.688078541732
Minnesota,2020-09-24,1954.91011687007
Mississippi,2020-09-24,3147.019790902535
Missouri,2020-09-24,1792.3275421261244
Montana,2020-09-24,134.2996288820513
Nebraska,2020-09-24,450.50736550625646
Nevada,2020-09-24,1509.491394380798
New Hampshire,2020-09-24,433.21601553236457
New Jersey,2020-09-24,15981.39312270846
New Mexico,2020-09-24,880.2094052841583
New York,2020-09-24,33463.28429246152
North Carolina,2020-09-24,3231.384452590776
North Dakota,2020-09-24,168.52590361056343
Ohio,2020-09-24,4659.866870790365
Oklahoma,2020-09-24,1066.6073800350387
Oregon,2020-09-24,588.8347483767753
Pennsylvania,2020-09-24,7895.7263756375005
Rhode Island,2020-09-24,1087.5009437075003
South Carolina,2020-09-24,3508.6791669179865
South Dakota,2020-09-24,195.31573385536677
Tennessee,2020-09-24,2455.725471680504
Texas,2020-09-24,15507.712998680527
Utah,2020-09-24,469.354629350087
Vermont,2020-09-24,56.902301570533446
Virginia,2020-09-24,2891.1694137756162
Washington,2020-09-24,2055.0013145869952
West Virginia,2020-09-24,304.9400968360788
Wisconsin,2020-09-24,1275.0616487367904
Wyoming,2020-09-24,44.86109845703413
Alabama,2020-09-25,2709.798099655931
Alaska,2020-09-25,52.10174911880638
Arizona,2020-09-25,6058.433601266733
Arkansas,2020-09-25,1134.9001989891046
California,2020-09-25,15225.541756714005
Colorado,2020-09-25,2046.7895383364491
Connecticut,2020-09-25,4459.069385394207
Delaware,2020-09-25,619.1552491554046
Florida,2020-09-25,11901.780724357308
Georgia,2020-09-25,7239.022984377154
Hawaii,2020-09-25,162.90066154665354
Idaho,2020-09-25,490.3875004081589
Illinois,2020-09-25,8644.262832111297
Indiana,2020-09-25,3341.687600370074
Iowa,2020-09-25,1383.7770513063472
Kansas,2020-09-25,514.7712294299643
Kentucky,2020-09-25,1112.6898524186504
Louisiana,2020-09-25,5562.327406852752
Maine,2020-09-25,137.6928487630854
Maryland,2020-09-25,9311373752.907597
Massachusetts,2020-09-25,9440.134895864601
Michigan,2020-09-25,7080.696588921488
Minnesota,2020-09-25,1961.4897447265505
Mississippi,2020-09-25,3161.2418318018963
Missouri,2020-09-25,1802.018348358693
Montana,2020-09-25,135.08825449730097
Nebraska,2020-09-25,452.05561165064455
Nevada,2020-09-25,1511.438870531722
New Hampshire,2020-09-25,432.94450000269467
New Jersey,2020-09-25,15983.742935539132
New Mexico,2020-09-25,884.3301719193556
New York,2020-09-25,33531.1883133601
North Carolina,2020-09-25,3258.2843302323
North Dakota,2020-09-25,168.69073716267212
Ohio,2020-09-25,4714.779992547858
Oklahoma,2020-09-25,1075.1171006705165
Oregon,2020-09-25,590.6788913553995
Pennsylvania,2020-09-25,7908.951631896512
Rhode Island,2020-09-25,1088.6745031157304
South Carolina,2020-09-25,3555.2428801052424
South Dakota,2020-09-25,197.58403571328887
Tennessee,2020-09-25,2494.701727929163
Texas,2020-09-25,15742.632239439961
Utah,2020-09-25,471.1169909081401
Vermont,2020-09-25,56.8059641301099
Virginia,2020-09-25,2907.0066651512557
Washington,2020-09-25,2062.295258717147
West Virginia,2020-09-25,308.6860448510614
Wisconsin,2020-09-25,1280.5611424093654
Wyoming,2020-09-25,44.894878129067145
Alabama,2020-09-26,2730.4235032967604
Alaska,2020-09-26,52.736468183871416
Arizona,2020-09-26,6092.659233082083
Arkansas,2020-09-26,1149.074673475508
California,2020-09-26,15338.23005341871
Colorado,2020-09-26,2049.2137205913514
Connecticut,2020-09-26,4457.287041673611
Delaware,2020-09-26,619.7015577210944
Florida,2020-09-26,11905.314949147129
Georgia,2020-09-26,7311.60037383024
Hawaii,2020-09-26,167.61107770289382
Idaho,2020-09-26,492.4356957809948
Illinois,2020-09-26,8652.89481353922
Indiana,2020-09-26,3344.303264295446
Iowa,2020-09-26,1388.6665103395155
Kansas,2020-09-26,518.1416847194503
Kentucky,2020-09-26,1121.2402408194935
Louisiana,2020-09-26,5571.0809989709805
Maine,2020-09-26,138.171047090171
Maryland,2020-09-26,9311373752.907597
Massachusetts,2020-09-26,9446.05767655363
Michigan,2020-09-26,7100.576965645931
Minnesota,2020-09-26,1959.6454050880454
Mississippi,2020-09-26,3186.557779772695
Missouri,2020-09-26,1805.7580887729557
Montana,2020-09-26,135.3423520430649
Nebraska,2020-09-26,453.3881770190109
Nevada,2020-09-26,1512.5285415006222
New Hampshire,2020-09-26,432.45777297418863
New Jersey,2020-09-26,15988.586490246427
New Mexico,2020-09-26,891.3170921424851
New York,2020-09-26,33548.35059943994
North Carolina,2020-09-26,3281.623643873655
North Dakota,2020-09-26,170.42839712756913
Ohio,2020-09-26,4747.39985072843
Oklahoma,2020-09-26,1086.885057424831
Oregon,2020-09-26,594.4485081279641
Pennsylvania,2020-09-26,7908.185640758477
Rhode Island,2020-09-26,1089.4759636532035
South Carolina,2020-09-26,3586.5247021422806
South Dakota,2020-09-26,199.08650327610093
Tennessee,2020-09-26,2507.484195454925
Texas,2020-09-26,15859.605300387142
Utah,2020-09-26,473.2940234252503
Vermont,2020-09-26,56.79705215102576
Virginia,2020-09-26,2917.44987171273
Washington,2020-09-26,2067.533690589597
West Virginia,2020-09-26,314.5219153160706
Wisconsin,2020-09-26,1288.3189942593433
Wyoming,2020-09-26,45.83793858568498
